<?xml version="1.0" encoding="UTF-8"?>
<beans xmlns="http://www.springframework.org/schema/beans"
       xmlns:context="http://www.springframework.org/schema/context"
       xmlns:p="http://www.springframework.org/schema/p"
       xmlns:xsi="http://www.w3.org/2001/XMLSchema-instance"
       xsi:schemaLocation=
               "http://www.springframework.org/schema/beans http://www.springframework.org/schema/beans/spring-beans.xsd
        http://www.springframework.org/schema/context http://www.springframework.org/schema/context/spring-context.xsd">


    <context:property-placeholder location="classpath:jdbc.properties"></context:property-placeholder>

<!--    自动加载组件-->
<!--        <bean id="userDao" class="com.itheima.dao.Impl.UserDaoImpl"></bean>-->
        <bean id="userService" class="com.util.HttpTool">
        </bean>
    <bean id="userService2" class="com.util.HttpTool">
        </bean>

</beans>